Country,Life Expectancy (years),Physicians per 1000 people,Televisions per 1000 people
Country_1,69.38830791879141,6.64670503255793,202
Country_2,76.35727945853436,9.104905483490981,535
Country_3,65.95180945534567,5.502389944439348,960
Country_4,67.8488954368018,4.092406670055688,370
Country_5,66.04121811794639,0.9415382898120228,206
Country_6,77.70686054988325,8.922606943927274,171
Country_7,80.76520036808908,4.47351657485608,800
Country_8,74.24603500057007,6.069618580162533,120
Country_9,78.77340118691903,8.811814473853989,714
Country_10,66.36889862889294,5.455204641860983,221
Country_11,68.02865171827675,4.610659476245041,566
Country_12,71.78362269500651,7.83934595508749,314
Country_13,61.01472212823506,5.921474135127839,430
Country_14,77.21573352953764,6.172211209446801,558
Country_15,61.3501037403618,1.9536782590564785,187
Country_16,71.02166045730381,7.411830414485171,472
Country_17,72.55520244175891,5.751176135983291,199
Country_18,67.07614024221509,2.256821240553752,971
Country_19,70.33650228192171,5.97018822322655,763
Country_20,61.73688896630791,0.8749486521765011,230
Country_21,83.098837846624,9.68395040502599,761
Country_22,63.791612827023215,2.7962904000364786,408
Country_23,77.9588397716904,8.223585531436871,869
Country_24,58.451954715579646,3.3740889037626935,443
Country_25,66.03430785174413,6.120451421941439,591
Country_26,69.37918586396403,3.175743486781003,513
Country_27,67.5206676917548,6.99423044379564,905
Country_28,70.22941276793746,4.529362516185496,485
Country_29,71.13612427384547,5.935559092415419,291
Country_30,68.23792121371484,5.03012876315799,376
Country_31,60.39502700922674,2.2686704270326885,260
Country_32,76.56312752928902,6.008213719381068,559
Country_33,76.63650582993618,3.993525028668504,413
Country_34,75.68221198503142,7.090625586015221,121
Country_35,70.66901434576137,4.528280383698646,352
Country_36,66.2812912145992,4.846472181943336,847
Country_37,70.75121969836985,8.365852928745873,956
Country_38,79.32785265400094,9.7632735890159,660
Country_39,68.27538758305795,6.572067911424165,574
Country_40,59.98838896872735,4.425719805153229,158
Country_41,72.51858374840333,4.2506773432877125,610
Country_42,70.98612599998485,3.36264602936284,781
Country_43,63.2048534010203,3.749523632892887,575
Country_44,70.12538263238035,4.452780512992063,799
Country_45,82.86677320693843,8.9285059339898,882
Country_46,70.23624675189531,4.605556658292953,289
Country_47,59.13001475271392,2.547893991603795,786
Country_48,69.00219400231603,5.0833305342507655,662
Country_49,77.34656080325422,5.356256851522129,975
Country_50,71.3776750574274,5.071270919700912,666
Country_51,75.89442540625485,6.599382445170415,343
Country_52,71.9841681422817,5.138011022718067,931
Country_53,68.79735317869805,6.537454984294658,604
Country_54,63.77440048735593,3.43931329188457,230
Country_55,78.8172435378396,8.561458876290445,584
Country_56,75.09427805347639,5.50495957668717,918
Country_57,77.10040063621757,5.800437940814076,746
Country_58,62.57142470090582,3.430976212373395,120
Country_59,74.05291063845155,5.943653982532792,940
Country_60,78.5394807852761,6.302130113340608,266
Country_61,60.38551741325952,2.66046313234982,373
Country_62,70.79736932544824,1.6818168232246866,487
Country_63,79.3693682311588,5.587332047218931,700
Country_64,81.17035240428616,4.022460353088935,415
Country_65,72.19435308069289,5.519842938271458,113
Country_66,66.01797909771977,2.41792785820377,341
Country_67,67.8929482880559,1.8789881712346586,876
Country_68,74.8157712172514,5.413378926002154,445
Country_69,74.23269926115061,4.300432478086296,664
Country_70,65.47736781772481,0.7786009576996431,997
Country_71,74.84208572724073,7.686197636215459,439
Country_72,70.87935733213249,2.3846858636324852,191
Country_73,74.9370290599781,10.146649904220865,466
Country_74,67.53319476807258,3.751966542222843,554
Country_75,79.42492035275299,5.803121136251997,527
Country_76,70.33656355094715,8.293898020774371,608
Country_77,72.53035742632949,7.958867855657649,875
Country_78,81.303282080294,8.972272812453765,134
Country_79,65.87725491065935,1.9538475222392937,305
Country_80,61.08141097168979,2.728269004985506,180
Country_81,68.82301908272542,5.451994548188059,661
Country_82,67.45507943833915,6.679494875795428,971
Country_83,74.85751522408431,4.977545113240724,487
Country_84,62.168617068793786,1.7240119285732223,101
Country_85,80.94709218966236,5.993156317929598,489
Country_86,69.62849566726396,4.611497223531931,665
Country_87,68.07634264716215,4.587522082088267,205
Country_88,59.30408952229878,0.4440991643788852,871
Country_89,71.96893764195113,6.594968408956629,921
Country_90,71.13492171681085,5.290408120570916,576
Country_91,89.74269610944745,8.590329113277926,802
Country_92,68.00767106337851,4.850984706937655,501
Country_93,70.73359321821954,6.132680261038045,829
Country_94,73.65524193283694,6.663636352210526,655
Country_95,68.46672629707653,1.5076768826776177,261
Country_96,73.36187698104247,10.233399893203186,301
Country_97,70.55229413285777,4.138415224154766,369
Country_98,67.89114052846412,5.989133204284969,962
Country_99,75.32869147255136,6.281164013898303,915
Country_100,64.27206377623654,3.370431744019405,370
Country_101,65.86740962700398,8.693960662895206,555
Country_102,72.91170909085515,5.531910538708865,561
Country_103,70.95183330410501,4.573054726185332,826
Country_104,67.65863030715661,5.277015924776885,351
Country_105,69.86528949372108,6.528504397218047,801
Country_106,63.48632903380054,5.0215963296194,395
Country_107,77.39321934922731,6.76385982076648,824
Country_108,67.67159035646308,1.6302557220645215,819
Country_109,62.61286561481459,3.5040600203470196,848
Country_110,58.74512644306848,0.7223993703813694,437
Country_111,77.67158702167696,8.994016313685892,978
Country_112,89.29029491591747,8.967984255369869,152
Country_113,75.2320730080766,6.25323213506597,891
Country_114,61.232450141305975,2.974763858173937,316
Country_115,81.07841463632583,9.779756544436648,863
Country_116,60.69888438428274,3.7911710437365755,287
Country_117,72.7371230419602,4.573585746189671,479
Country_118,79.01587059064532,5.319066811461445,592
Country_119,80.20502219349567,5.903031884037939,140
Country_120,76.24967792418897,6.287605203408637,256
Country_121,69.81878477055716,6.367923274948902,114
Country_122,62.91739487601375,4.710951829292191,912
Country_123,65.6713785901813,6.336201903513425,164
Country_124,55.21208381452457,4.621584681008645,956
Country_125,75.78649256252848,6.158606873744441,938
Country_126,71.4749895102011,5.99458355566155,620
Country_127,77.59746999545811,6.525694581596242,443
Country_128,79.6920242222578,6.27593339804193,228
Country_129,68.72979821986685,4.1151352501774054,747
Country_130,72.5646487348018,5.9174203431180254,571
Country_131,70.29199722917221,6.306799475829773,162
Country_132,63.10508035834314,2.4177512221025883,238
Country_133,72.54617213344055,4.451911285537941,598
Country_134,71.56058041304678,6.2162277824366665,692
Country_135,75.24213164515437,8.418584989459244,491
Country_136,73.20801644730068,6.649800372257468,774
Country_137,81.52116292821833,8.54475597395519,518
Country_138,64.94319865014168,4.203253219646103,388
Country_139,70.66811938123041,5.500380984495286,478
Country_140,74.44933038699662,6.611470599052237,872
Country_141,66.49570266392709,0.34729657300044625,589
Country_142,74.84672898846101,8.021606436229053,330
Country_143,58.967243546322806,1.278180238290707,140
Country_144,71.56595555175183,6.993880136556806,127
Country_145,78.01261432724749,6.373663581085292,234
Country_146,70.80815448295778,0.32081399497022733,300
Country_147,54.274965903837845,0.42187748613400533,939
Country_148,70.25341959446074,7.864963834905012,879
Country_149,74.01490430523546,7.4294441193730965,132
Country_150,67.03132590238717,3.2382727110234786,147
Country_151,70.40733224759872,3.2362422099118717,602
Country_152,67.59475484649745,6.025209944752442,506
Country_153,64.63347821479921,4.974511699023264,673
Country_154,74.9080166290646,7.108790431698228,827
Country_155,70.6263200966965,5.959161848866174,904
Country_156,80.96572816468377,8.16606158791307,198
Country_157,76.31711012760682,6.940155555827453,783
Country_158,75.6599889347284,6.4415460982811545,971
Country_159,68.06909438690097,4.295750559392652,825
Country_160,80.07661635619365,4.14935753167631,646
Country_161,65.60422415321,4.896482030589398,838
Country_162,80.4178214485227,8.681886139874416,712
Country_163,62.02645114707532,4.187450541220431,561
Country_164,65.67477755959881,5.521057974148032,742
Country_165,57.98406037534348,0.5103941845853814,868
Country_166,80.84985160326646,6.3516174600881605,104
Country_167,80.34826527664265,9.514396562186278,317
Country_168,63.31305722022642,3.1327237814741506,602
Country_169,84.56995017827991,11.348884274253518,866
Country_170,70.90470182574916,5.364481209313307,497
Country_171,57.5401331543044,0.0,970
Country_172,61.47470276118722,4.2289235200641775,894
Country_173,82.51446667563779,7.660877126538166,492
Country_174,79.04635946854944,8.998634412499609,306
Country_175,83.74108606034793,6.436197096503367,114
Country_176,80.97198578622027,8.135188841757936,957
Country_177,68.0454564578358,2.6444289170152935,653
Country_178,65.10293200813953,3.639476825612184,991
Country_179,57.805435052708255,1.6410814359964192,560
Country_180,66.49109277359015,3.7898738480161933,790
Country_181,67.42621297471351,6.523837972871332,674
Country_182,74.10157495318585,5.425311524766038,963
Country_183,81.63465863513838,6.735698073326365,842
Country_184,64.9493825994274,3.1269719650065264,340
Country_185,71.22035475470851,3.2489499463762668,663
Country_186,67.37229548701536,5.409220419049825,195
Country_187,66.07707458774198,3.794704389389369,999
Country_188,71.13257674981317,7.603698336320191,833
Country_189,56.82465928713754,3.745162231245046,584
Country_190,67.83577627868196,4.009221514137506,506
Country_191,72.3176163434627,5.8376788277369736,330
Country_192,73.77215222689821,4.221423616545014,848
Country_193,69.03741368919678,2.5301112129251733,754
Country_194,69.64734119586663,2.8012883503358226,270
Country_195,67.28088271803843,6.075531916813911,640
Country_196,66.86264047210523,2.2825769708758794,135
Country_197,83.50162753760321,7.794328855097622,624
Country_198,69.1377421163384,3.6192014313965,259
Country_199,81.60783133319723,6.232431633936121,938
Country_200,77.57318005948078,3.7391747519407317,798
Country_201,64.9966931285563,3.16951724000727,342
Country_202,67.49971600375787,5.492207364580365,185
Country_203,70.39982304096885,7.1035669340318,895
Country_204,61.429849896043486,4.505264498279791,677
Country_205,67.14607608789255,4.86904529248508,781
Country_206,79.26799669311244,6.614834722165602,656
Country_207,62.341921124750016,6.681054500503112,673
Country_208,64.6587661163523,4.923016559960518,745
Country_209,67.59042322179886,4.1130402150294225,895
Country_210,65.94469783467162,5.165311918890064,127
Country_211,66.59992431324554,4.6181770172233145,719
Country_212,68.69024823515589,5.625948303633704,655
Country_213,63.93521719230825,2.6114591463084946,439
Country_214,67.4614528368863,5.554363158717493,897
Country_215,63.07072026603927,3.5633931676585027,430
Country_216,78.29509917556817,6.811775222981006,739
Country_217,72.55839949181966,3.655064301258969,605
Country_218,60.476844204999225,3.689780465618136,447
Country_219,57.98360830128254,5.890797648823481,572
Country_220,75.37372180311945,5.028423777632394,330
Country_221,72.96260441283466,9.553303252797676,289
Country_222,64.54651375008169,1.7413947788914954,324
Country_223,62.6110524226779,5.219705893909489,484
Country_224,81.00737286618784,7.259298969944741,476
Country_225,80.40508378479844,3.8433721541453982,382
Country_226,67.27180316706716,3.17888431052024,732
Country_227,66.0460281671171,3.2582707047073427,727
Country_228,61.94145740544934,1.7760776406998309,844
Country_229,79.30781506580733,7.69940925462139,358
Country_230,71.5199643874473,4.340765316387183,458
Country_231,73.2253837085634,4.103945720399539,809
Country_232,58.364025089688894,0.7518038513396528,555
Country_233,65.96575424217568,2.1325828550762305,510
Country_234,73.1492186885454,7.930779511038188,748
Country_235,65.92384442405204,5.606211332201157,417
Country_236,74.4609262146831,7.333001659850212,776
Country_237,69.54740610743391,7.07998487965966,324
Country_238,71.86615386642119,2.998759438854119,918
Country_239,75.40978902453676,9.859695457307938,333
Country_240,79.61666008584172,8.89946519120246,783
Country_241,64.72782273770925,3.8724671157539294,763
Country_242,61.385313752187564,0.0,926
Country_243,65.95388877294693,4.286935820111847,473
Country_244,64.66712867419811,5.476592524242897,771
Country_245,70.14798756565646,3.8645619304486187,707
Country_246,67.93683350369503,4.556955806630566,571
Country_247,68.11529255826112,3.342683927324411,332
Country_248,71.5423241952632,6.843269436707695,791
Country_249,63.614850392631965,5.12726648073711,212
Country_250,79.22194923705311,6.903028125885908,929
Country_251,78.57260216203719,7.444406692415874,596
Country_252,58.467900865887195,0.6513528718267061,541
Country_253,67.26680722415759,3.458955578331794,663
Country_254,72.71398024125251,3.751941412718913,367
Country_255,78.00029775944316,10.142744719377566,609
Country_256,69.08659894164855,5.298010733800648,906
Country_257,74.46840488548912,6.625121192726128,485
Country_258,60.18177760512903,1.2386164614509774,486
Country_259,74.8583217949252,5.286430904995043,212
Country_260,73.06866802692784,6.956585964232515,712
Country_261,69.52768096527075,6.723930170120312,724
Country_262,75.53679190503537,6.2467988778327035,180
Country_263,64.34134877882377,5.0260010129902515,798
Country_264,80.32066728812288,5.123137241250902,212
Country_265,71.13941711906186,1.613467650580421,101
Country_266,68.9653458438565,3.1989342296257126,741
Country_267,73.07043093465217,5.461887912776327,319
Country_268,69.04830386139167,3.5680483861475887,665
Country_269,70.3098790585366,6.37767649406557,954
Country_270,73.35367842946367,5.933565100529725,835
Country_271,70.85381796659874,7.734740509443988,324
Country_272,76.35210739681119,6.916507652305142,484
Country_273,75.24828035169475,5.454522818269136,502
Country_274,71.10149123133098,6.495960868123832,737
Country_275,71.04489967842503,7.010204324599312,229
Country_276,61.90786573312852,3.9851254281840354,152
Country_277,75.97245217454925,4.341338003360396,783
Country_278,67.03437568121531,4.806347925213179,829
Country_279,67.10418264325948,4.048938911671301,771
Country_280,75.56352570523256,7.031373890126968,809
Country_281,68.90179604774046,3.7453789166453917,515
Country_282,78.73940636400465,7.503302942799649,346
Country_283,66.63545760528682,4.266053602239235,935
Country_284,66.19624687900286,5.944793285678716,538
Country_285,64.09733405018997,5.332830297525777,302
Country_286,63.1998046026191,3.0480403834166667,283
Country_287,65.16118870866372,4.960220541018419,222
Country_288,69.8164905992636,5.667287062901194,500
Country_289,76.28072330535792,4.871414625779004,866
Country_290,62.74278273655642,2.314586882987432,393
Country_291,74.9174626674319,8.402858487052344,379
Country_292,70.268804050168,5.175398965723472,936
Country_293,64.7946647432856,3.4113948496729565,983
Country_294,76.14611591527813,8.241536046934549,709
Country_295,75.17390535128804,6.23477961944065,297
Country_296,69.62307528821013,2.5996600071967815,610
Country_297,70.83808701309562,2.911010507200243,851
Country_298,79.39468222410373,4.555210560224316,243
Country_299,74.03602514626148,5.594613957699645,708
Country_300,83.66359383260223,6.245599662927844,300
Country_301,69.91830487781606,6.900356959057135,223
Country_302,82.6147141377235,6.079144812800285,286
Country_303,73.48510364346603,7.693491957281991,425
Country_304,69.0970779849067,5.25358631936094,563
Country_305,66.36207974097275,3.4807212390435556,448
Country_306,68.89349296557045,4.993298260682053,870
Country_307,70.15327934224933,4.862038679308416,759
Country_308,57.09985998755781,0.0,863
Country_309,71.90434342897422,3.8772662818086827,502
Country_310,68.4926397586959,5.628407465900901,445
Country_311,71.58118973041732,4.151568869576428,610
Country_312,75.05378065032683,3.707581276354002,246
Country_313,71.85999293417956,6.822752391609128,247
Country_314,70.30573379079412,3.1669083504491207,963
Country_315,75.64228704639922,6.423245300941646,810
Country_316,75.93345652794561,2.3345110584234305,919
Country_317,78.51889491867998,10.521523871452368,588
Country_318,73.1126159764239,4.568628946197485,739
Country_319,60.57688338393301,4.353469421407888,650
Country_320,72.09297155787561,7.286131805779838,437
Country_321,70.09214482475875,4.162590318387102,971
Country_322,82.78551107875157,7.909855616651333,740
Country_323,65.35670849702508,5.743187660973053,878
Country_324,73.45686160152064,4.763204198907541,572
Country_325,68.78385910410371,4.549988193259249,250
Country_326,67.22273041475948,7.415184340860524,514
Country_327,71.82988308815796,5.460974429207006,397
Country_328,80.27504108965414,5.86461746238154,710
Country_329,66.56189419085644,6.082003745207258,362
Country_330,69.98205616403985,5.265872370445382,863
Country_331,67.1462939822021,6.039744452699967,243
Country_332,67.18379164972596,4.763353154638019,445
Country_333,76.96161619031686,4.900382736346848,723
Country_334,64.16591791043626,2.761770143946583,671
Country_335,78.19886969125022,5.595520501836795,980
Country_336,68.66710621280906,1.5609179865755594,101
Country_337,69.3205427150214,5.567116141221826,996
Country_338,66.36453863230959,4.438767967670371,403
Country_339,67.01834640373141,5.7491702189019565,353
Country_340,61.150280692706275,2.902343331836648,751
Country_341,63.28860750038465,0.7612852639227157,552
Country_342,68.49761219603101,4.2982693860529215,136
Country_343,62.69832214992557,2.9081746622858033,259
Country_344,55.13395865654167,1.4388866335790351,108
Country_345,73.60282691788933,6.53596653938914,332
Country_346,74.0571920132615,8.202476454284081,198
Country_347,65.83570577899134,3.4060971284508996,758
Country_348,71.22022583460459,4.848458345557093,915
Country_349,56.25984322634143,4.384428766640376,307
Country_350,59.69803329354956,3.682203156047594,230
Country_351,84.13716423957803,6.327474427776042,503
Country_352,71.50751330821637,7.020282920857237,251
Country_353,53.93840573094994,3.2627856214687916,153
Country_354,62.92936657079835,5.089533734189807,219
Country_355,87.56046897894274,7.569066067867788,772
Country_356,69.24115751151069,6.378072406429944,727
Country_357,79.14586597808774,6.6753948768009765,686
Country_358,76.07753122145569,7.735970614884828,724
Country_359,72.99454550199815,7.7096903447465,519
Country_360,77.99179787502771,7.057285260606132,521
Country_361,58.65796628234329,5.289874829562361,203
Country_362,61.264404830884615,4.235033965083817,951
Country_363,67.95215600055495,5.206955530626371,353
Country_364,61.14785126455849,3.931186627953263,326
Country_365,59.28616356543741,1.0950262539786353,211
Country_366,73.15056896521398,4.441001868399919,609
Country_367,72.0907885820288,5.71505248767444,572
Country_368,74.30400750648323,3.8254611644676424,198
Country_369,70.20575727280429,4.614440425522784,252
Country_370,74.3461572936057,4.691926568066536,960
Country_371,75.10707559623307,7.713713548437777,995
Country_372,65.61087348710147,4.281125451950196,977
Country_373,82.82937380644326,7.713266764366908,437
Country_374,56.453248560319665,0.0,805
Country_375,77.11064724093765,7.695711562658072,921
Country_376,79.03411127557287,7.594812229725248,262
Country_377,77.81648221591105,6.804509346778383,819
Country_378,56.12511463608482,0.9761639935924569,780
Country_379,79.33530001003125,7.037773990444962,260
Country_380,64.90474706676265,4.899761648649498,679
Country_381,64.05351827674997,0.0,900
Country_382,77.86857818658429,7.596355415669392,497
Country_383,79.86984562309536,7.888346157097937,376
Country_384,56.356934107044175,1.1909758562696573,915
Country_385,73.64133301487242,5.350842150600226,603
Country_386,80.98233286781759,7.777182242888365,995
Country_387,75.88762416963729,7.460322626914293,491
Country_388,69.25116080661522,6.672122102319047,234
Country_389,64.59873807163996,0.0,294
Country_390,73.4877692070471,6.459085533271628,500
Country_391,60.75536308736575,4.563792203252114,739
Country_392,69.50248280329068,6.991715057436989,132
Country_393,68.39317317760042,5.5123229168676495,787
Country_394,77.44956499704281,4.96023677942227,559
Country_395,79.21453082916801,6.281807698818472,982
Country_396,75.94718917099635,4.6561732578564845,569
Country_397,71.06469226885157,4.951445440216116,474
Country_398,72.34707796238094,3.8895520017424765,121
Country_399,57.87446699183229,1.7891820176308753,849
Country_400,72.30542938704895,6.135706947542543,769
Country_401,69.0340422295657,3.3879393606588604,137
Country_402,63.82233724929146,4.598416267918532,329
Country_403,72.19745628202509,5.5739479169078665,464
Country_404,70.09232535475996,0.8295647128691224,662
Country_405,65.34845330809584,1.2773021926463533,537
Country_406,73.3887717268838,4.400522846781595,875
Country_407,59.55621931203731,5.909126964599311,382
Country_408,80.76599732836127,6.488076541298322,126
Country_409,62.70413027773553,1.8173710082481858,325
Country_410,68.70309436730106,6.27326296882563,376
Country_411,68.146532267685,4.509860763367327,897
Country_412,59.0422602282096,3.233685509807046,708
Country_413,72.64550288452322,3.7028962878812584,383
Country_414,71.5304507142917,6.603714664080333,978
Country_415,67.40286908021193,5.548011570171143,580
Country_416,69.36095076257946,5.100613045510641,552
Country_417,76.56406122811231,5.4869914776158,928
Country_418,74.36968311037089,6.8561955532323875,915
Country_419,62.56313288271937,4.805800865193353,758
Country_420,72.54217969452236,5.108637772908473,615
Country_421,69.9077831889381,7.276341480275611,646
Country_422,57.893148346073275,4.336826751473683,291
Country_423,79.95259844470861,6.236281190561363,148
Country_424,70.27133145144587,3.992591038653717,611
Country_425,67.9451773153358,4.168265317176431,116
Country_426,67.85575339931796,4.791900486400727,271
Country_427,79.04648891561364,6.030545705973531,319
Country_428,90.2125036011963,7.388363925102137,257
Country_429,72.63008364698769,5.19309052707755,576
Country_430,58.852478943066444,2.0003261773529113,145
Country_431,71.75345757979586,6.262892587067876,472
Country_432,81.96823205705309,9.907684348291419,617
Country_433,58.68703378931008,5.2173376621347005,198
Country_434,64.83742545217227,1.5824647216408412,991
Country_435,72.8607372053488,5.339305778941703,844
Country_436,76.61966057720073,4.993974793632321,136
Country_437,75.76218113841571,4.825782313275221,379
Country_438,74.33750040135621,6.890819799954265,448
Country_439,83.08628367824468,7.756549572671448,596
Country_440,82.91273457599812,6.367171490402166,401
Country_441,69.60752493753802,4.733883830657863,280
Country_442,76.59365052981727,7.251357568739259,706
Country_443,55.18819466959016,2.0123407175715187,198
Country_444,59.88090920485858,3.567887758532011,799
Country_445,63.39050731554548,3.790744442796541,215
Country_446,67.658105885687,4.938098704136131,290
Country_447,66.54632352625701,6.013469324973675,352
Country_448,69.01717114676465,4.598574103325433,260
Country_449,64.30731098361781,3.1879284109954504,355
Country_450,79.2538772954826,6.94970056939226,422
Country_451,66.68430488376268,4.529086555590612,227
Country_452,58.97492594240667,5.204257841742067,117
Country_453,72.83302684458073,6.102135490951816,892
Country_454,70.0845203096351,5.077755215845894,834
Country_455,65.8628373719547,5.086543389488581,665
Country_456,74.5968930992285,7.06094684087166,669
Country_457,65.22915495714983,5.302738949140753,422
Country_458,75.10038771127867,6.725593971580978,971
Country_459,85.34329196192282,6.089334888636779,785
Country_460,69.03952281221383,9.033775088373833,891
Country_461,69.05644323643072,5.81882683573826,725
Country_462,69.16936747335741,6.275946540301546,387
Country_463,72.24032743854775,7.203313427992734,953
Country_464,75.35409393778555,5.127235519900339,762
Country_465,70.16272040967736,3.724293806541118,738
Country_466,72.34725018853828,4.051708837753086,254
Country_467,68.29444982175804,4.070986148995024,589
Country_468,59.58817952748885,3.099338063606563,485
Country_469,65.69779387050764,5.635610338403768,884
Country_470,71.21323234513663,3.740966903901832,203
Country_471,71.63357077687388,5.389705642403694,492
Country_472,75.66633925555165,4.682651112578728,910
Country_473,71.29982454306393,4.91675701341497,345
Country_474,66.3091516246548,6.112113295657712,275
Country_475,65.22289443153004,3.9162017512229044,138
Country_476,75.37963493216175,6.277782091873546,576
Country_477,79.82089394774894,8.134615733277904,781
Country_478,75.64797949258048,5.686218165903517,858
Country_479,61.62899669288416,3.435808629455063,637
Country_480,61.534777124256195,3.7699639773204074,966
Country_481,68.05793579812244,4.503474198429769,917
Country_482,74.82080639438901,3.8102194058608685,507
Country_483,62.565937157519706,3.0176393807799005,624
Country_484,72.89248856085163,5.3088145539233835,927
Country_485,71.39051636779163,4.557605336548402,605
Country_486,74.5627472825853,5.379441767116116,924
Country_487,83.0677509186022,7.372774824430576,135
Country_488,76.86412078813309,4.527294332151281,784
Country_489,62.285290812081236,2.6291599906393777,119
Country_490,57.91495282444242,4.202215015492897,420
Country_491,69.68905419164285,6.540850434233285,875
Country_492,73.08544255310399,6.35354054143391,611
Country_493,70.26633220202599,6.037279295227134,499
Country_494,77.34066782199227,3.7505865536757934,753
Country_495,73.10151199371303,6.503805236065396,982
Country_496,77.17615571342922,6.953798156074132,570
Country_497,68.30438502867682,3.609156740220048,242
Country_498,68.10055369237578,4.916859804914951,191
Country_499,68.45754946491512,9.040803927364223,453
Country_500,66.64741470143902,3.5202514470732247,933
Country_501,79.45288978879573,1.5898266615125505,899
Country_502,69.30932573867003,7.765808868929597,826
Country_503,65.47205386494713,7.27320954340912,953
Country_504,77.85407721853485,4.08606535284515,150
Country_505,73.25844772187433,4.774016436263827,764
Country_506,66.03735920186136,2.5501298996220956,797
Country_507,77.1691784022741,5.177904545219405,674
Country_508,70.50614514670511,7.331827430742801,289
Country_509,67.29660682839364,3.914790316483444,224
Country_510,78.28417849964929,6.754203957572585,249
Country_511,82.4066672686637,5.927447714780864,413
Country_512,66.46854599024151,6.155633781762279,669
Country_513,74.4664355704565,4.031381638827264,441
Country_514,70.49069857247093,4.290751634133011,404
Country_515,63.42821559926148,1.3064551310571968,791
Country_516,67.69467623868589,3.8666611749797886,781
Country_517,67.73070872865202,7.326970916062518,937
Country_518,71.09811621465607,3.1413356117954527,882
Country_519,62.96744828294074,3.4393966922861905,153
Country_520,67.16230578231676,6.2803796474142475,543
Country_521,76.03836796247407,5.805536583986187,712
Country_522,76.70512312491859,6.379726499592601,363
Country_523,65.7421182576937,2.6735589198191922,152
Country_524,85.6539499012596,10.128115898600694,671
Country_525,72.26666941072658,2.5684932516654992,719
Country_526,77.15810964406397,5.308494627468137,104
Country_527,66.72398314951576,4.682689008262827,202
Country_528,70.32395858693837,2.626716965269905,295
Country_529,69.57736719629024,4.2595811543735005,873
Country_530,78.72276925530534,5.046615201771739,976
Country_531,66.78146547121027,3.70005357627306,983
Country_532,71.96653629929774,6.874447243069699,449
Country_533,66.28451263393572,4.676748509075058,146
Country_534,65.58134078710464,2.317450657963427,966
Country_535,66.62912520728334,2.147748934661406,922
Country_536,74.85447177708218,6.212330181222912,919
Country_537,65.79877957075794,2.0264584345993275,755
Country_538,74.62088935559537,5.632852146098167,368
Country_539,70.66591156309585,5.889310371333918,469
Country_540,61.656001966344576,3.009289272151966,735
Country_541,68.76381235053132,6.781476167549781,205
Country_542,68.0040809814708,1.5644127524767355,769
Country_543,73.53744728863568,5.592917867997118,758
Country_544,60.55737941086434,4.918284132807983,756
Country_545,75.00777523107614,4.762004048538213,219
Country_546,74.69058916009098,2.6442067140388548,930
Country_547,62.67232772860764,3.1259559912001484,886
Country_548,78.1560083314626,8.237604050041195,703
Country_549,72.49332956732522,7.4303100177435075,157
Country_550,76.10987298145103,6.4841691770475975,445
Country_551,67.92934796874262,6.879696207059375,840
Country_552,73.02682589319117,6.692027089342537,573
Country_553,73.61314579084907,4.353287575427583,216
Country_554,76.3689729037516,5.095207103628702,929
Country_555,66.2424455824344,2.0549832439179823,890
Country_556,67.9459909767212,4.820608746384948,226
Country_557,66.77065157643871,7.366828499078373,492
Country_558,63.56942245077505,3.6785855034857287,740
Country_559,71.746197794975,7.046282409374452,157
Country_560,66.87767403826697,5.183171477387526,733
Country_561,64.75627737888915,2.2292562686605355,612
Country_562,63.86128326575833,2.7853609733073768,850
Country_563,74.53781834050824,6.8386057394155095,901
Country_564,78.22323284627186,6.10504817051677,195
Country_565,68.37474518580369,5.203528145975251,737
Country_566,61.9895378567371,4.451936371504109,217
Country_567,67.33373391988997,5.421135955257171,659
Country_568,76.43912734687936,6.760592498506498,700
Country_569,79.29313204671251,7.95170656097457,587
Country_570,78.12516278284359,8.04736839888121,336
Country_571,77.99152613247406,5.743919801516996,984
Country_572,68.38045788915699,4.656136619270959,996
Country_573,80.84582277132203,5.292496015637711,371
Country_574,76.17941710954986,6.04424071451016,288
Country_575,59.45483042434098,6.036133887690183,803
Country_576,84.23523969837825,7.6159732742802095,546
Country_577,74.62808983698801,9.231511443833309,680
Country_578,64.008475534259,4.5894907407718275,889
Country_579,81.24239518446231,9.311769817648925,960
Country_580,65.99805462535086,7.344478493516787,346
Country_581,66.1193618826511,4.798354019629584,175
Country_582,83.77975205858135,7.997129677730159,253
Country_583,79.52368110066416,8.37129660283833,755
Country_584,72.22001712792071,4.079409111612306,534
Country_585,73.64430800745522,8.464430504971297,185
Country_586,66.60848128930334,7.150165642071927,796
Country_587,83.00832365848544,9.737118255958384,384
Country_588,72.95512645321176,4.1519228360010025,319
Country_589,73.01125995546157,4.293146512528008,168
Country_590,62.938697631615966,0.9466757405133199,146
Country_591,67.4494344649115,6.142387841135925,193
Country_592,83.68985296277353,5.750502511237436,849
Country_593,70.14696252877822,3.8740126569286666,552
Country_594,68.80316386610193,4.836298537023884,303
Country_595,63.90786977188271,2.3775579796497697,317
Country_596,75.54176720169451,7.396889905663372,573
Country_597,73.38924341267666,4.020601050943379,531
Country_598,83.32433667901108,11.188098031241903,440
Country_599,73.59016056439336,4.648797398577934,650
Country_600,67.71851307527281,3.4807623179033804,711
Country_601,67.78897806770865,4.175373762530276,388
Country_602,67.55840806046494,2.1760780469114973,353
Country_603,74.94551773118076,5.964543781405885,833
Country_604,67.47223060540773,4.1602006004417555,456
Country_605,70.77897637301966,7.262505580795476,122
Country_606,70.6096545930045,4.450505009651165,861
Country_607,75.92951179155556,7.768884223371293,621
Country_608,70.25546443341439,6.514911498634082,857
Country_609,65.9023846941894,5.057193553436688,936
Country_610,78.37330956887557,8.160465174701642,199
Country_611,76.55964912928731,6.904586922074419,901
Country_612,79.98469073337861,10.892425653326452,279
Country_613,65.46249384052255,4.181089510043591,322
Country_614,66.15518847664788,5.153232210916921,861
Country_615,78.18611073976832,8.137418022021858,758
Country_616,59.80596338445587,1.9129243763297752,541
Country_617,86.4734470980339,7.633887126465124,707
Country_618,69.7058038508709,5.878605515362942,868
Country_619,54.32108558884801,3.2235784891055044,424
Country_620,64.39698303264984,2.273920682897757,615
Country_621,66.94487470838484,3.655021053739432,115
Country_622,66.41931454831865,0.43036085534885604,891
Country_623,69.4824734088725,4.020921112616993,435
Country_624,68.3210494161713,6.245112666685163,858
Country_625,66.66283806864081,4.047398718062344,357
Country_626,77.19034966399018,7.776625402867616,596
Country_627,65.8162191593491,8.319895205450575,995
Country_628,81.79568660245536,7.5512889652515485,259
Country_629,66.76671421203415,5.46128182052873,574
Country_630,67.7865020147922,0.3506414550270618,951
Country_631,69.14753573750252,3.5926050159347884,763
Country_632,72.57981657487232,4.715922946451227,789
Country_633,72.17164658198712,3.2122647009903784,774
Country_634,72.3076383615162,4.720989049026858,479
Country_635,79.80470095636078,8.22013493738676,644
Country_636,62.59481167963182,1.7084469409693637,790
Country_637,79.10761163183659,8.623384112238053,526
Country_638,70.60141661215783,6.769452843508274,712
Country_639,69.35581173517095,5.536433616555391,367
Country_640,76.96900901688149,3.5727668885184727,934
Country_641,62.46323069278218,3.252099309017149,676
Country_642,64.26671477482644,1.7475645708225205,516
Country_643,77.43440710483493,8.433530960628774,267
Country_644,74.59667388139216,8.075223120148083,941
Country_645,66.94686616851907,2.1874307428334356,142
Country_646,70.7380984840821,3.894744010187597,655
Country_647,67.10348316118974,5.866289538463818,384
Country_648,69.30874700504393,4.400981723655584,496
Country_649,56.91346427801094,1.1626504859363647,111
Country_650,71.31165204936376,3.6844544788886235,706
Country_651,78.6865737438932,8.902068596040039,401
Country_652,68.05173507192767,3.8200428191711118,997
Country_653,72.64128739755319,4.673065326595586,352
Country_654,64.04173885151647,2.7096451519292386,598
Country_655,76.92116173722602,6.175525970567496,853
Country_656,65.71838283231766,5.230303598049168,134
Country_657,74.09130362824472,3.515960516886043,826
Country_658,62.02682250399603,2.39068920838515,948
Country_659,67.13727815756558,7.809086748021752,189
Country_660,61.93515183112202,1.7889131867178394,875
Country_661,69.80542179608717,6.00763139117911,704
Country_662,59.704113090403524,0.6922415105768538,701
Country_663,73.98708680946945,6.414423366024765,517
Country_664,79.37040735348161,6.940597774520121,214
Country_665,73.42060527707397,7.1895674232798275,716
Country_666,65.89707827662602,4.677583062860264,295
Country_667,70.70328036083579,8.168007211127392,925
Country_668,76.89025282343906,9.615583389992135,600
Country_669,59.27438325956438,4.356753727908074,725
Country_670,64.57031441189848,4.0979899397401445,592
Country_671,76.81697852069067,5.2983545206898714,174
Country_672,63.97248339353105,4.0446397082115855,512
Country_673,70.64809851996104,3.7522596079797585,475
Country_674,61.720635389991514,3.926522919516981,519
Country_675,85.71850352857776,8.43151201601249,828
Country_676,82.27556164546527,6.543763990070864,376
Country_677,71.03132327376703,4.038107745483818,860
Country_678,70.13576290532846,0.08974994855542828,775
Country_679,65.60110690021244,1.911071012787065,493
Country_680,75.85630190115529,6.006858165203756,968
Country_681,67.82344561810241,0.7568881172223652,556
Country_682,72.07056637530006,5.585987054903912,291
Country_683,57.97585779261459,2.868872550269949,838
Country_684,74.31203987449469,5.183611549161347,788
Country_685,67.89612723316925,5.127712602668286,198
Country_686,68.49471063078553,5.241179867781422,647
Country_687,69.91178719407938,4.211156305842959,195
Country_688,71.12226189615593,4.145428748784536,763
Country_689,67.86751149428534,3.5584191621271226,762
Country_690,75.1142169497541,5.96778463448378,289
Country_691,69.6864850288228,6.610385349561897,835
Country_692,64.91059093623907,2.5620549549277474,136
Country_693,74.03891336308529,4.896743055415461,879
Country_694,79.65028417613453,5.393164146975476,468
Country_695,81.36726248335822,5.367542269246084,794
Country_696,72.83196189202474,5.333539239193035,624
Country_697,72.59190989234715,4.1959303793095515,378
Country_698,81.02401752592611,5.558060850925078,316
Country_699,69.11793466026701,6.23605742196724,966
Country_700,73.71264588685317,5.282073311645128,972
Country_701,75.86547409356562,6.0118796730674475,897
Country_702,81.20072082453375,6.980706822075014,372
Country_703,56.910531665737814,1.2981192842094642,980
Country_704,69.07682644845887,6.886927683730735,161
Country_705,71.47662211640862,5.684855530442549,695
Country_706,67.44213700065328,2.7767493445225466,979
Country_707,78.82420329794779,6.604941764639377,828
Country_708,70.99443525496551,4.203358187952077,441
Country_709,68.19506810417437,4.476067127362894,496
Country_710,70.05158809391806,3.984640435068676,798
Country_711,72.71481775832517,5.604797688476449,118
Country_712,75.58366957989072,3.429293714975894,276
Country_713,74.4341932376338,6.802949259895572,711
Country_714,67.52913258345849,4.722274825610657,495
Country_715,70.7912352164074,4.271595033024125,544
Country_716,74.00392930714855,6.5057513552279405,332
Country_717,60.866806172350316,4.360886475361839,175
Country_718,73.71444699333837,6.896353650724603,364
Country_719,73.41468057633344,6.959185901681732,554
Country_720,61.94142531822751,2.330392323562046,895
Country_721,79.61495724700656,7.218520404445847,817
Country_722,60.22345813093247,2.075928056996229,834
Country_723,76.96441520515273,7.343161053765021,483
Country_724,77.3741437697023,9.056714384460477,663
Country_725,74.03781278131045,6.749668876538263,950
Country_726,63.431008876430646,0.6860387106006538,605
Country_727,67.71639095808908,7.127131438772037,466
Country_728,79.94282032241796,9.492257931872023,243
Country_729,80.23261088457392,4.393936718003942,984
Country_730,62.077369990486815,4.93059335994022,168
Country_731,64.95801329371675,2.6230265561471358,198
Country_732,76.86451429939778,5.624158837639339,495
Country_733,76.58480496994049,7.538354365086258,124
Country_734,76.23078327317799,6.3954742562989075,990
Country_735,70.68953785368812,11.283933954575598,568
Country_736,73.12335504501294,5.066054085931595,583
Country_737,59.66886549917095,1.7386532651694715,664
Country_738,72.23327030918861,5.3419419431364386,250
Country_739,60.18701928460259,0.16709646957502056,243
Country_740,79.25924944635011,3.933792150270973,668
Country_741,79.23100485323022,8.248764117200423,138
Country_742,70.73741544821316,5.650267297263543,208
Country_743,63.16920345505731,5.3588336256625375,792
Country_744,77.8888560161109,8.641560753430714,141
Country_745,73.03374482508063,4.45880021667326,285
Country_746,74.64452219264032,7.523640825868218,497
Country_747,67.98894610097815,5.2586139503326805,322
Country_748,68.65725653460451,5.760094926918052,733
Country_749,67.80648775382456,2.5653902882739743,232
Country_750,71.86875251723292,4.035906410343566,262
Country_751,71.21597764523011,2.204963534312253,314
Country_752,64.64402022104683,4.80950984354931,832
Country_753,74.19149716775316,5.780804687832534,334
Country_754,64.95132780754486,2.779923789817096,942
Country_755,77.7355446675729,9.098357845369646,757
Country_756,73.12155334653785,5.556212038183921,850
Country_757,72.2694636104656,5.115591171170439,687
Country_758,75.72247153434037,6.539315502691251,108
Country_759,61.396931715557265,3.3421438382681563,173
Country_760,66.90485288083752,5.326954958334906,591
Country_761,74.56187649615805,3.5662675592848174,352
Country_762,75.13185730295173,8.117359820177965,329
Country_763,67.29551459250115,2.8827213012058372,618
Country_764,75.52599339744464,5.1263309186143475,273
Country_765,73.6344785024112,5.658631570303552,752
Country_766,74.311916132491,5.7896514888154025,267
Country_767,72.14794770388745,3.8375296538343355,269
Country_768,55.834643586934604,3.2089811957098044,492
Country_769,65.28306853201293,3.8664096539078017,894
Country_770,74.45633071933908,6.056650868420565,733
Country_771,76.36283845164044,4.712308458176072,293
Country_772,73.51531303208895,6.592417616905043,616
Country_773,67.6844325687998,5.954007438790146,128
Country_774,56.801918959549056,0.44617460380078455,264
Country_775,75.40929720461422,5.494995593674422,521
Country_776,77.91295115930565,9.500909535632541,438
Country_777,75.26507597520165,7.650538102076663,747
Country_778,74.76320361168946,5.844026321413938,595
Country_779,51.254813064652325,2.8812157390601123,464
Country_780,81.912052422043,5.9551074322512925,932
Country_781,69.30363058425773,6.479499879756518,441
Country_782,70.19469512405753,4.492506638344832,599
Country_783,62.743483167736386,5.633484117608875,756
Country_784,73.92594428155897,8.019324916792081,610
Country_785,72.79434255285858,3.2854511605165486,426
Country_786,56.18596568183409,2.883400790081746,316
Country_787,78.40179773992256,6.385398651988425,400
Country_788,70.4616900636304,5.91508527239616,231
Country_789,76.5511753827522,7.057676590825624,903
Country_790,75.56679731504065,6.1395876238075395,169
Country_791,69.93608724475786,3.8644898736516122,351
Country_792,67.4040173477075,5.86438530293081,514
Country_793,63.608748094140196,2.715746913407653,886
Country_794,61.69094426681394,4.499362576534012,544
Country_795,74.47017858180601,6.005598461932808,975
Country_796,77.06821890318407,4.2789715665522206,281
Country_797,70.750004295537,9.936104364459654,266
Country_798,58.62303347401515,1.2156315023526663,190
Country_799,66.90116219259009,3.9050192860023785,813
Country_800,67.11558778308813,3.1244403322601793,957
Country_801,71.59448627734032,3.5993023850840933,630
Country_802,66.66700720428814,3.7140035530382427,138
Country_803,63.11452362033578,2.3471586262820137,225
Country_804,78.52646212463921,6.505404297145255,550
Country_805,71.12159664576812,3.9058094052257974,272
Country_806,73.34918322086011,5.327146671177309,752
Country_807,68.82327551029958,4.13034847617951,853
Country_808,72.15223940545445,3.6182391754275804,319
Country_809,73.40756998819607,8.344558472173699,737
Country_810,69.72825731790724,6.845864364418816,157
Country_811,66.25770333452604,1.2635992000897103,759
Country_812,53.97827036042192,1.0517251033282262,575
Country_813,74.63133289072837,7.085217671272973,555
Country_814,66.33779467249242,3.9602932169024925,928
Country_815,56.37489701099833,1.7018353321315547,994
Country_816,69.52660263158003,7.091470265080682,460
Country_817,70.1316157389196,5.3382481001981805,100
Country_818,76.1761006218244,5.503142169664639,486
Country_819,69.97336713173458,6.619078544011815,447
Country_820,70.8269983663954,2.380045683435213,289
Country_821,63.78989285224592,1.7369983572316707,604
Country_822,82.87574069046266,8.161908589806405,290
Country_823,61.22887491313058,2.125666478515415,607
Country_824,64.8670008711709,2.555524405848872,468
Country_825,67.75267649850191,2.9551292409084677,508
Country_826,77.42223138105453,9.159891847381044,923
Country_827,76.73865393737228,5.986766600823045,216
Country_828,62.82381327129019,6.930815948870761,233
Country_829,82.89669787626461,5.392335091157457,157
Country_830,71.88132419017087,3.796225577597533,655
Country_831,71.65750598786559,6.262582566520336,784
Country_832,61.01192774892606,1.886768058406393,771
Country_833,61.28676313437124,2.80943309580701,272
Country_834,76.1599780878946,6.465950358522962,928
Country_835,69.54588742065465,2.28548953834644,914
Country_836,68.431043482703,4.621837061676254,248
Country_837,74.96090268747086,4.712975311289177,179
Country_838,63.349051752845746,3.9426759933256763,985
Country_839,56.7764718506704,1.097763050302286,312
Country_840,76.55099046147298,3.742142217622615,302
Country_841,69.65566955996277,3.3500632461350293,863
Country_842,77.63000046221742,5.3228797265753975,328
Country_843,66.17226361285941,5.220981077398937,775
Country_844,66.89421888090385,5.755922919873748,326
Country_845,65.50300831081469,3.648027454051205,758
Country_846,67.97081759416851,6.045555900931784,631
Country_847,67.30279912004752,1.8879865344526339,540
Country_848,58.956750784758356,1.3561905346952918,501
Country_849,54.79935981299704,0.32885455166674404,146
Country_850,68.71288810298817,4.0014055208560055,332
Country_851,60.536876223519705,3.493403551322885,404
Country_852,64.15994279004146,6.5786312237092,625
Country_853,68.07163582111092,3.7026748259022604,242
Country_854,62.34740517672602,5.546752695888534,514
Country_855,77.12958328780942,6.626593153166154,612
Country_856,60.27805506613956,3.6273618487017685,472
Country_857,59.988839908329965,5.596104420214351,665
Country_858,72.5387269451168,7.003855097910389,985
Country_859,65.77032141726016,2.5236744503888655,358
Country_860,72.55678467138829,5.049704676489289,755
Country_861,68.131940962282,3.6359312336013714,570
Country_862,60.00547736443874,2.651020235013723,111
Country_863,67.4194989426721,1.9270965190195422,429
Country_864,70.03809824368392,2.618702855642599,835
Country_865,64.21130538073037,5.120058011504025,883
Country_866,62.65159148445495,1.7783110888765066,457
Country_867,66.42489176810035,3.898545951822726,507
Country_868,74.35468554135176,6.626388813705795,767
Country_869,70.7714248948052,5.898021926837872,472
Country_870,67.5385806478825,3.9389847541236858,107
Country_871,79.96783930464336,8.379380826717448,221
Country_872,72.00288015764097,8.786072827823322,447
Country_873,73.79135540246303,5.052244863079451,775
Country_874,65.83149199411902,0.06291416823138363,189
Country_875,81.71646775550938,6.77289639403252,747
Country_876,50.10725801917886,0.41204731993282895,797
Country_877,74.99007615730417,7.952292221440132,415
Country_878,64.50883673120126,7.167169801484597,277
Country_879,64.92153156768796,8.548425008276041,639
Country_880,71.7615274715083,5.520531116735453,831
Country_881,66.55869796702085,4.277228465636324,968
Country_882,69.69885022409284,4.099797732619552,140
Country_883,70.24559776631298,3.9074796579382056,839
Country_884,80.16375440523842,6.962137307349406,803
Country_885,73.1186880845524,6.424542979011756,601
Country_886,85.09768062033228,5.240451266868426,244
Country_887,68.64332404321817,3.5556373841460553,300
Country_888,89.72924574803714,10.258425262600547,823
Country_889,61.98530945323023,6.824749227925739,560
Country_890,70.35784996865948,1.8045761604531823,831
Country_891,67.03117348727369,3.967487968125746,851
Country_892,63.98536809249846,6.863552194817411,657
Country_893,68.90456986120986,3.400922157534632,646
Country_894,69.89141414538197,5.703095917651778,352
Country_895,76.7034514435853,6.901592600672296,489
Country_896,65.05538228775539,0.0,693
Country_897,62.12209861703502,4.783924600421499,982
Country_898,74.79943152653627,4.862418307130244,355
Country_899,68.38410759836842,4.175855088632421,808
Country_900,77.97098641325053,5.603390269892082,914
Country_901,71.60433728499416,6.315039214991749,549
Country_902,68.21615931464133,5.284101888649218,109
Country_903,68.63996062724704,4.252345211901136,923
Country_904,73.03978873103634,6.2652425995685395,897
Country_905,66.88228962963875,5.098106818548714,341
Country_906,66.59567469244166,4.538599173609043,350
Country_907,58.61650478607538,2.3754412293221616,976
Country_908,61.576155409984715,1.8746904294678433,104
Country_909,68.05663112913162,2.3375404145718592,218
Country_910,70.42654537535014,5.55665812244043,900
Country_911,74.72901148981123,4.841842504787297,473
Country_912,63.15171626890478,2.0394318035850736,164
Country_913,65.42608131455867,6.291835651587622,245
Country_914,78.4836124904993,7.74861902635819,323
Country_915,64.23790982796764,3.8030127665673286,338
Country_916,61.869236126708834,1.518036285263252,276
Country_917,73.35135469781292,3.5817472301961746,878
Country_918,67.6134902085712,6.708921253589388,952
Country_919,73.01783837146102,6.097059717069548,381
Country_920,66.10767750577513,3.1551346279770422,162
Country_921,79.58931712824449,8.042344275529484,316
Country_922,79.6688870911157,7.696560131852797,953
Country_923,68.3871707681379,3.533987873446718,926
Country_924,65.22496675523814,3.5134199940700666,894
Country_925,69.99555077061184,3.8143441252410213,788
Country_926,74.64894838416863,3.985334449222908,560
Country_927,73.66570233351527,6.901076015856887,709
Country_928,70.36503566979124,5.850658120953188,204
Country_929,75.44916636574231,6.754157538701175,198
Country_930,72.88789567459486,6.3471302863734,610
Country_931,70.16956115318594,8.429054136387464,484
Country_932,66.95911182675086,2.881228912381719,504
Country_933,64.78762207771685,5.760717060767832,922
Country_934,63.17711820710343,0.6523574875306046,617
Country_935,60.74646408157973,2.3660888518062833,575
Country_936,69.88496047719234,4.8502932281303055,808
Country_937,73.62579598201432,5.836413225509072,962
Country_938,81.86225376159958,4.796368515940861,744
Country_939,71.44498013368391,3.8656151623746435,969
Country_940,75.26632253873952,4.221164245013925,870
Country_941,84.83650299916604,7.7388819528482085,536
Country_942,70.91015087347667,4.231935644239719,122
Country_943,78.4254154895101,8.498483244087055,664
Country_944,67.84246275003346,6.588034147082267,776
Country_945,71.24699972259094,5.915074692296461,813
Country_946,61.610173710536706,2.612806179358009,557
Country_947,71.73565839497658,6.870476322799254,182
Country_948,77.37823456996834,4.012458844503001,244
Country_949,65.79534851397715,2.6111204839886004,184
Country_950,67.67187656373696,6.025687226158755,177
Country_951,71.32088303119036,2.2241078788669206,556
Country_952,71.72741153266892,3.475517075740836,977
Country_953,74.99780381712634,4.979768177062177,100
Country_954,68.84303468094693,9.436842848229455,150
Country_955,76.99569176543748,3.6261684884150247,784
Country_956,65.37456021232826,4.08356696139885,816
Country_957,76.81915408165037,6.464690108843291,871
Country_958,77.66581619958097,2.523408623247908,545
Country_959,82.54788926503674,5.885612762041831,548
Country_960,69.93589660310292,7.411853615233175,980
Country_961,61.54903377614423,4.385810230577797,587
Country_962,81.2563501198271,7.052308562793732,899
Country_963,71.87607875081723,5.582899846423612,133
Country_964,64.57286493827448,3.538636072392439,447
Country_965,72.31487399110921,4.604390628206987,194
Country_966,67.66657275278183,4.240485320039516,171
Country_967,73.1560676539778,4.824723484367045,650
Country_968,70.94578063597298,5.305435798439657,253
Country_969,75.96473938152826,6.176399869943714,349
Country_970,67.5620095526666,6.017336499174271,773
Country_971,67.39545578061458,0.1365728574757039,537
Country_972,73.09888409857409,4.805383622455946,217
Country_973,67.19379919339082,1.9811561731864749,870
Country_974,63.30874135507072,4.448545495065348,990
Country_975,78.00300373197756,4.75242082437816,405
Country_976,73.83601293550748,6.952296716169418,367
Country_977,73.51978244374881,4.939769065799801,153
Country_978,69.42274975464001,5.51843603668652,335
Country_979,74.47667084604021,6.586112761314858,488
Country_980,76.39664579987422,7.4555045196386,833
Country_981,55.40828964655525,4.753972153286179,862
Country_982,73.2889583899958,5.188358883360817,924
Country_983,79.86680051757943,5.020046604484508,500
Country_984,70.52850543723548,3.9148020711378475,723
Country_985,62.13499786178174,3.4617695531152206,866
Country_986,64.1622641650657,0.4562281671481294,402
Country_987,70.99075891276938,2.8466781309513407,306
Country_988,65.44780924811272,1.442738333580393,328
Country_989,74.6501584056628,7.510396968906504,952
Country_990,69.54291790407005,5.376832016594856,677
Country_991,68.26469533137863,4.748122054106332,174
Country_992,70.61894376073174,3.565029627837837,534
Country_993,63.08349707764035,5.059558526469248,202
Country_994,64.74871468510163,3.3040402446893316,521
Country_995,78.67412334153715,5.348037113241207,803
Country_996,79.1539122645713,5.491467965842707,863
Country_997,59.163729751564716,3.2772325952865122,837
Country_998,60.82108408439233,3.239076070355188,905
Country_999,72.49569452074078,6.924398709190235,405
Country_1000,74.25150776840655,4.894280091417399,197
